DROP TABLE admin_info;
CREATE TABLE admin_info ( id varchar(50) NOT NULL COMMENT '管理员id', name varchar(50) COMMENT '姓名', login_name varchar(50) COMMENT '登录名', password varchar(50) COMMENT '密码', rec_create_time timestamp DEFAULT '0000-00-00 00:00:00' NULL COMMENT '创建时间', rec_creater varchar(50) COMMENT '创建人', rec_update_time timestamp DEFAULT CURRENT_TIMESTAMP NULL COMMENT '修改时间', rec_updater varchar(50) COMMENT '修改人', PRIMARY KEY (id) ) ENGINE=InnoDB DEFAULT CHARSET=utf8 COMMENT='管理员信息表';
DROP TABLE admin_log;
CREATE TABLE admin_log ( id bigint NOT NULL COMMENT '记录id', admin_id varchar(50) COMMENT '操作人id', login_name varchar(50) COMMENT '操作人登录名', ip_address varchar(50) COMMENT 'ip地址', content varchar(50) COMMENT '操作内容', rec_create_time timestamp DEFAULT '0000-00-00 00:00:00' NULL COMMENT '创建时间', rec_creater varchar(50) COMMENT '创建人', rec_update_time timestamp DEFAULT CURRENT_TIMESTAMP NULL COMMENT '修改时间', rec_updater varchar(50) COMMENT '修改人', PRIMARY KEY (id) ) ENGINE=InnoDB DEFAULT CHARSET=utf8 COMMENT='管理员操作记录表';
DROP TABLE admin_power;
CREATE TABLE admin_power ( id varchar(50) NOT NULL COMMENT '权限id', name varchar(50) COMMENT '权限名称', code varchar(50) COMMENT '权限编码', rec_create_time timestamp DEFAULT '0000-00-00 00:00:00' NULL COMMENT '创建时间', rec_creater varchar(50) COMMENT '创建人', rec_update_time timestamp DEFAULT CURRENT_TIMESTAMP NULL COMMENT '修改时间', rec_updater varchar(50) COMMENT '修改人', PRIMARY KEY (id) ) ENGINE=InnoDB DEFAULT CHARSET=utf8 COMMENT='权限表';
DROP TABLE admin_role;
CREATE TABLE admin_role ( id varchar(50) NOT NULL COMMENT '角色id', name varchar(50) COMMENT '角色名称', rec_create_time timestamp DEFAULT '0000-00-00 00:00:00' NULL COMMENT '创建时间', rec_creater varchar(50) COMMENT '创建人', rec_update_time timestamp DEFAULT CURRENT_TIMESTAMP NULL COMMENT '修改时间', rec_updater varchar(50) COMMENT '修改人', PRIMARY KEY (id) ) ENGINE=InnoDB DEFAULT CHARSET=utf8 COMMENT='管理员角色表';
DROP TABLE admin_role_power;
CREATE TABLE admin_role_power ( id bigint NOT NULL, role_id varchar(50) COMMENT '角色id', power_id varchar(50) COMMENT '权限id', rec_create_time timestamp DEFAULT '0000-00-00 00:00:00' NULL COMMENT '创建时间', rec_creater varchar(50) COMMENT '创建人', rec_update_time timestamp DEFAULT CURRENT_TIMESTAMP NULL COMMENT '修改时间', rec_updater varchar(50) COMMENT '修改人', PRIMARY KEY (id) ) ENGINE=InnoDB DEFAULT CHARSET=utf8 COMMENT='角色权限对应关系表';
DROP TABLE article_info;
CREATE TABLE article_info ( acticle_id varchar(50) NOT NULL COMMENT '流水号', title varchar(50) COMMENT '标题', acticle_type_id varchar(50) COMMENT '类别id', sort bigint COMMENT '排序', visible varchar(50) COMMENT '是否显示', content mediumtext COMMENT '文章内容', auther varchar(50) COMMENT '作者', web_detail varchar(500) COMMENT '网页描述', rec_create_time timestamp DEFAULT '0000-00-00 00:00:00' NULL COMMENT '创建时间', rec_creater varchar(50) COMMENT '创建人', rec_update_time timestamp DEFAULT CURRENT_TIMESTAMP NULL COMMENT '修改时间', rec_updater varchar(50) COMMENT '修改人', PRIMARY KEY (acticle_id) ) ENGINE=InnoDB DEFAULT CHARSET=utf8 COMMENT='文章内容';
DROP TABLE article_type;
CREATE TABLE article_type ( id varchar(50) NOT NULL COMMENT '类别id', name varchar(50) COMMENT '类别名称', rec_desc varchar(50) COMMENT '描述', sort bigint COMMENT '描述', parent_id varchar(50) COMMENT '上一级类别id', leaf varchar(50) COMMENT '是否为叶子节点', level varchar(50) COMMENT '级别', visible varchar(50) COMMENT '是否显示', rec_create_time timestamp DEFAULT '0000-00-00 00:00:00' NULL COMMENT '创建时间', rec_creater varchar(50) COMMENT '创建人', rec_update_time timestamp DEFAULT CURRENT_TIMESTAMP NULL COMMENT '修改时间', rec_updater varchar(50) COMMENT '修改人', PRIMARY KEY (id) ) ENGINE=InnoDB DEFAULT CHARSET=utf8 COMMENT='文章类型';
DROP TABLE cart_info;
CREATE TABLE cart_info ( id varchar(50) NOT NULL COMMENT '购物id', product_id varchar(50) COMMENT '商品id', product_count bigint COMMENT '购买数量', member_id varchar(50) COMMENT '会员id', rec_create_time timestamp DEFAULT '0000-00-00 00:00:00' NULL COMMENT '创建时间', rec_creater varchar(50) COMMENT '创建人', rec_update_time timestamp DEFAULT CURRENT_TIMESTAMP NULL COMMENT '修改时间', rec_updater varchar(50) COMMENT '修改人', PRIMARY KEY (id) ) ENGINE=InnoDB DEFAULT CHARSET=utf8 COMMENT='购物车表';
insert into cart_info (id, product_id, product_count, member_id, rec_create_time, rec_creater, rec_update_time, rec_updater) values ('65a5533594b345548878e71df7b69ebc', '823a8a4c8dbd425a876af09c3ac5bc34', 1, 'jack', '2014-12-07 21:54:47', 'jack', '2014-12-07 21:54:47', null);
DROP TABLE dic_item;
CREATE TABLE dic_item ( dic_id varchar(30) NOT NULL COMMENT '字典项id', dic_name varchar(255) NOT NULL COMMENT '字典项名称', dic_type_id varchar(30) NOT NULL COMMENT '字典类型id', dic_type_desc varchar(255) COMMENT '字典类型描述', res1 varchar(255) COMMENT '保留字段1', rec_create_time timestamp NULL COMMENT '创建时间', rec_creater varchar(50) COMMENT '创建人', rec_update_time timestamp DEFAULT CURRENT_TIMESTAMP NULL COMMENT '修改时间', rec_updater varchar(50) COMMENT '修改人', PRIMARY KEY (dic_id, dic_type_id) ) ENGINE=InnoDB DEFAULT CHARSET=utf8 COMMENT='字典数据表';
insert into dic_item (dic_id, dic_name, dic_type_id, dic_type_desc, res1, rec_create_time, rec_creater, rec_update_time, rec_updater) values ('1', '是', 'is_no_status', '是或否状态', null, null, null, '2014-12-07 21:15:21', null);
insert into dic_item (dic_id, dic_name, dic_type_id, dic_type_desc, res1, rec_create_time, rec_creater, rec_update_time, rec_updater) values ('1', '商品状态1', 'product_status', '商品状态', null, null, null, '2014-12-07 17:24:39', null);
insert into dic_item (dic_id, dic_name, dic_type_id, dic_type_desc, res1, rec_create_time, rec_creater, rec_update_time, rec_updater) values ('2', '否', 'is_no_status', '是或否状态', null, null, null, '2014-12-07 21:15:21', null);
DROP TABLE dispatch_order_info;
CREATE TABLE dispatch_order_info ( dispath_order_no varchar(50) NOT NULL COMMENT '发货单流水号', order_no varchar(50) COMMENT '订单号', order_time timestamp NULL COMMENT '下单时间', pay_time timestamp NULL COMMENT '付款时间', receiver varchar(50) COMMENT '收货人', dispatch_time timestamp NULL COMMENT '发货时间', status varchar(50) COMMENT '发货单状态', admin_id varchar(50) COMMENT '操作人', dispath_type varchar(50) COMMENT '配送方式', track_no varchar(50) COMMENT '物流单号', rec_create_time timestamp DEFAULT '0000-00-00 00:00:00' NULL COMMENT '创建时间', rec_creater varchar(50) COMMENT '创建人', rec_update_time timestamp DEFAULT CURRENT_TIMESTAMP NULL COMMENT '修改时间', rec_updater varchar(50) COMMENT '修改人', PRIMARY KEY (dispath_order_no) ) ENGINE=InnoDB DEFAULT CHARSET=utf8 COMMENT='发货单';
DROP TABLE ecs_brand;
CREATE TABLE ecs_brand ( brand_id smallint(5) NOT NULL AUTO_INCREMENT, brand_name varchar(60) NOT NULL, brand_logo varchar(80) NOT NULL, brand_desc text NOT NULL, site_url varchar(255) NOT NULL, sort_order tinyint(3) DEFAULT '50' NOT NULL, is_show tinyint(1) DEFAULT '1' NOT NULL, PRIMARY KEY (brand_id) ) ENGINE=MyISAM DEFAULT CHARSET=utf8;
insert into ecs_brand (brand_id, brand_name, brand_logo, brand_desc, site_url, sort_order, is_show) values (1, 'brand_name1', 'log1', 'desc1', 'url1', 1, '1');
insert into ecs_brand (brand_id, brand_name, brand_logo, brand_desc, site_url, sort_order, is_show) values (2, 'brand_name2', 'log2', 'desc2', 'url2', 2, '1');
DROP TABLE investment_plan_change;
CREATE TABLE investment_plan_change ( investment_change_id bigint NOT NULL COMMENT '定投计划变更ID', investment_plan_id bigint NOT NULL COMMENT '定投计划ID', investment_plan_name varchar(50) COMMENT '定投计划名称', investment_plan_desc varchar(300) COMMENT '定投计划描述', customer_id varchar(20) COMMENT '客户号', bank_code varchar(10) COMMENT '银行代码', bank_card varchar(20) COMMENT '银行卡号', pay_way varchar(5) COMMENT '支付方式 1-钱包 2-三方支付', execute_cycle varchar(2) COMMENT '执行周期(1:周 2:双周,3:月)', investment_day int COMMENT '定投日(月:日期可选1-28)', plan_create_date varchar(20) COMMENT '定投计划创建日期', plan_end_date varchar(20) COMMENT '定投计划结束日期', effective_date varchar(20) COMMENT '生效日期', next_execute_date varchar(20) COMMENT '下一执行日期', latest_execute_date varchar(20) COMMENT '最新执行日期', latest_update_date timestamp NULL COMMENT '用户最新修改时间', belong_period varchar(10) COMMENT '所属周期', investment_type varchar(2) COMMENT '定投类型', investment_plan_status varchar(5) COMMENT '定投计划状态', rec_status varchar(2) COMMENT '状态(1:有效 2:无效)', remark varchar(200) COMMENT '备注', modify_time timestamp DEFAULT CURRENT_TIMESTAMP NULL, res1 varchar(100) COMMENT '备用字段1', create_time timestamp NULL COMMENT '创建时间', investment_change_time timestamp NULL COMMENT '定投计划变更时间', PRIMARY KEY (investment_change_id) ) ENGINE=InnoDB DEFAULT CHARSET=latin1;
DROP TABLE member_info;
CREATE TABLE member_info ( id varchar(50) NOT NULL COMMENT '会员id', name varchar(50) COMMENT '会员名称', email varchar(50) COMMENT '邮件地址', login_name varchar(50) COMMENT '登录名', password varchar(50) COMMENT '登录密码', sex varchar(50) COMMENT '性别', birthday varchar(50) COMMENT '出生日期', msn varchar(50) COMMENT 'MSN', qq varchar(50) COMMENT 'QQ', office_phone varchar(50) COMMENT '办公电话', home_phone varchar(50) COMMENT '家庭电话', mobile varchar(50) COMMENT '手机', rec_create_time timestamp DEFAULT '0000-00-00 00:00:00' NULL COMMENT '创建时间', rec_creater varchar(50) COMMENT '创建人', rec_update_time timestamp DEFAULT CURRENT_TIMESTAMP NULL COMMENT '修改时间', rec_updater varchar(50) COMMENT '修改人', PRIMARY KEY (id) ) ENGINE=InnoDB DEFAULT CHARSET=utf8 COMMENT='会员表';
DROP TABLE member_integral_detail;
CREATE TABLE member_integral_detail ( id bigint NOT NULL, trans_type varchar(50) COMMENT '交易类型', change_amt varchar(50) COMMENT '变动金额', rec_create_time timestamp DEFAULT '0000-00-00 00:00:00' NULL COMMENT '创建时间', rec_creater varchar(50) COMMENT '创建人', rec_update_time timestamp DEFAULT CURRENT_TIMESTAMP NULL COMMENT '修改时间', rec_updater varchar(50) COMMENT '修改人', PRIMARY KEY (id) ) ENGINE=InnoDB DEFAULT CHARSET=utf8 COMMENT='会员积分流水表（记录交易的变动）';
DROP TABLE member_integral_info;
CREATE TABLE member_integral_info ( id varchar(50) NOT NULL, member_id varchar(50) COMMENT '会员id', can_use_value bigint COMMENT '可用积分', frozen_value bigint COMMENT '冻结积分', spend_value bigint COMMENT '消费积分', rec_create_time timestamp DEFAULT '0000-00-00 00:00:00' NULL COMMENT '创建时间', rec_creater varchar(50) COMMENT '创建人', rec_update_time timestamp DEFAULT CURRENT_TIMESTAMP NULL COMMENT '修改时间', rec_updater varchar(50) COMMENT '修改人', PRIMARY KEY (id) ) ENGINE=InnoDB DEFAULT CHARSET=utf8 COMMENT='会员积分';
DROP TABLE order_detail;
CREATE TABLE order_detail ( order_detail_no varchar(50) NOT NULL, order_no varchar(50) COMMENT '订单号', product_id varchar(50) COMMENT '商品id', product_name varchar(50) COMMENT '商品名称', product_no varchar(50) COMMENT '货号', product_price bigint COMMENT '价格', product_count bigint COMMENT '数量', total_amt bigint COMMENT '总价', rec_create_time timestamp DEFAULT '0000-00-00 00:00:00' NULL COMMENT '创建时间', rec_creater varchar(50) COMMENT '创建人', rec_update_time timestamp DEFAULT CURRENT_TIMESTAMP NULL COMMENT '修改时间', rec_updater varchar(50) COMMENT '修改人', PRIMARY KEY (order_detail_no) ) ENGINE=InnoDB DEFAULT CHARSET=utf8 COMMENT='订单详情表';
DROP TABLE order_info;
CREATE TABLE order_info ( order_no varchar(50) NOT NULL COMMENT '订单号', status varchar(50) COMMENT '订单状态', member_id varchar(50) COMMENT '会员id', member_name varchar(50) COMMENT '会员姓名', order_time timestamp NULL COMMENT '下单时间', pay_time timestamp NULL COMMENT '付款时间', dispatch_status varchar(50) COMMENT '发货状态', dispatch_time timestamp NULL COMMENT '发货时间', dispatch_no varchar(50) COMMENT '发货单号', member_msg varchar(50) COMMENT '客户留言', order_total_amt bigint COMMENT '订单总价', rec_create_time timestamp DEFAULT '0000-00-00 00:00:00' NULL COMMENT '创建时间', rec_creater varchar(50) COMMENT '创建人', rec_update_time timestamp DEFAULT CURRENT_TIMESTAMP NULL COMMENT '修改时间', rec_updater varchar(50) COMMENT '修改人', PRIMARY KEY (order_no) ) ENGINE=InnoDB DEFAULT CHARSET=utf8 COMMENT='订单主表';
insert into order_info (order_no, status, member_id, member_name, order_time, pay_time, dispatch_status, dispatch_time, dispatch_no, member_msg, order_total_amt, rec_create_time, rec_creater, rec_update_time, rec_updater) values ('275418d6512449f4923777fc44a4e15a', null, '风蛋糕蛋糕', '大范甘迪的', null, null, null, null, null, null, null, '2014-12-07 20:47:09', 'jack', '2014-12-07 20:48:34', null);
insert into order_info (order_no, status, member_id, member_name, order_time, pay_time, dispatch_status, dispatch_time, dispatch_no, member_msg, order_total_amt, rec_create_time, rec_creater, rec_update_time, rec_updater) values ('a4c7298d355b463f884a74500a455bfd', null, '123456789', '安安', null, null, null, null, null, null, null, '2014-12-07 18:25:58', 'jack', '2014-12-07 18:27:22', null);
DROP TABLE order_log;
CREATE TABLE order_log ( id varchar(50) NOT NULL, order_no varchar(50) COMMENT '订单号', admin_id varchar(50) COMMENT '操作人', login_name varchar(50) COMMENT '操作人登录名', rec_create_time timestamp NULL COMMENT '操作时间', order_status varchar(50) COMMENT '订单状态', pay_status varchar(50) COMMENT '付款状态', dispatch_status varchar(50) COMMENT '发货状态', mark varchar(500) COMMENT '操作备注', PRIMARY KEY (id) ) ENGINE=InnoDB DEFAULT CHARSET=utf8 COMMENT='订单操作日志表';
DROP TABLE order_receiver;
CREATE TABLE order_receiver ( id varchar(50) NOT NULL COMMENT '收货信息id', order_no varchar(50) COMMENT '订单号', name varchar(50) COMMENT '收货人姓名', address varchar(50) COMMENT '地址', phone varchar(50) COMMENT '电话', email varchar(50) COMMENT '电子邮件', postcode varchar(50) COMMENT '邮政编码', mobile varchar(50) COMMENT '手机号', best_send_time timestamp NULL COMMENT '最佳送货时间', place_flag varchar(100) COMMENT '标志性建筑', rec_create_time timestamp DEFAULT '0000-00-00 00:00:00' NULL COMMENT '创建时间', rec_creater varchar(50) COMMENT '创建人', rec_update_time timestamp DEFAULT CURRENT_TIMESTAMP NULL COMMENT '修改时间', rec_updater varchar(50) COMMENT '修改人', PRIMARY KEY (id) ) ENGINE=InnoDB DEFAULT CHARSET=utf8 COMMENT='收货人信息';
DROP TABLE product_brand;
CREATE TABLE product_brand ( id varchar(50) NOT NULL COMMENT '品牌id', name varchar(50) COMMENT '品牌名称', logo_url varchar(50) COMMENT 'logo_url', rec_desc varchar(50) COMMENT '品牌描述', visble varchar(50) COMMENT '是否显示', sort varchar(50) COMMENT '排序', rec_create_time timestamp DEFAULT '0000-00-00 00:00:00' NULL COMMENT '创建时间', rec_creater varchar(50) COMMENT '创建人', rec_update_time timestamp DEFAULT CURRENT_TIMESTAMP NULL COMMENT '修改时间', rec_updater varchar(50) COMMENT '修改人', PRIMARY KEY (id) ) ENGINE=InnoDB DEFAULT CHARSET=utf8 COMMENT='商品品牌表';
insert into product_brand (id, name, logo_url, rec_desc, visble, sort, rec_create_time, rec_creater, rec_update_time, rec_updater) values ('8e342203615246699006cbbe99748139', 'pinpai1', '1', '1', '', null, '2014-12-07 20:25:47', 'jack', '2014-12-07 20:25:47', null);
insert into product_brand (id, name, logo_url, rec_desc, visble, sort, rec_create_time, rec_creater, rec_update_time, rec_updater) values ('fb7a42bad3ab488ea40036afbbaf4b18', '价格很高', '刚回家', '功夫', '', null, '2014-12-07 20:45:33', 'jack', '2014-12-07 20:46:58', null);
DROP TABLE product_info;
CREATE TABLE product_info ( product_id varchar(50) NOT NULL, product_no varchar(50) COMMENT '货号', name varchar(50) COMMENT '商品名称', stock bigint COMMENT '库存', type_id varchar(50) COMMENT '商品分类id', fresh varchar(50) COMMENT '新品', hot varchar(50) COMMENT '热销', promotion varchar(50) COMMENT '促销', brand_id varchar(50) COMMENT '商品品牌id', real_price bigint COMMENT '本店售价', market_price bigint COMMENT '市场售价', promotion_price bigint COMMENT '促销价', promotion_begin_time timestamp NULL COMMENT '促销开始时间', promotion_end_time timestamp NULL COMMENT '促销结束时间', model_no varchar(50) COMMENT '商品型号', status varchar(50) COMMENT '商品状态', pro_desc varchar(500) COMMENT '商品简单描述', pro_detail varchar(20000) COMMENT '商品详细描述（html）', weight varchar(50) COMMENT '商品重量', sort bigint COMMENT '排序', rec_create_time timestamp DEFAULT '0000-00-00 00:00:00' NULL COMMENT '创建时间', rec_creater varchar(50) COMMENT '创建人', rec_update_time timestamp DEFAULT CURRENT_TIMESTAMP NULL COMMENT '修改时间', rec_updater varchar(50) COMMENT '修改人', img varchar(500), PRIMARY KEY (product_id) ) ENGINE=InnoDB DEFAULT CHARSET=utf8;
insert into product_info (product_id, product_no, name, stock, type_id, fresh, hot, promotion, brand_id, real_price, market_price, promotion_price, promotion_begin_time, promotion_end_time, model_no, status, pro_desc, pro_detail, weight, sort, rec_create_time, rec_creater, rec_update_time, rec_updater, img) values ('0d1d0abfc3094043829dc63427f6bd57', '88', 'test88', 99, '0c4267ef14e24df68dbb1fcfae828c50', '1', '1', '1', '8e342203615246699006cbbe99748139', 9, 9, 9, '2014-12-12 00:00:00', '2014-12-24 00:00:00', '98796', '1', 'tttttttt', 'uuuuuuuuuuu', '54', null, '2014-12-10 00:54:45', 'jack', '2014-12-10 00:54:45', null, null);
insert into product_info (product_id, product_no, name, stock, type_id, fresh, hot, promotion, brand_id, real_price, market_price, promotion_price, promotion_begin_time, promotion_end_time, model_no, status, pro_desc, pro_detail, weight, sort, rec_create_time, rec_creater, rec_update_time, rec_updater, img) values ('1165bde8ad94446db859213f890e2bef', '99', 'test99', 99, '0c4267ef14e24df68dbb1fcfae828c50', '1', '1', '1', '8e342203615246699006cbbe99748139', 99, 199, 99, '2014-12-12 00:00:00', '2014-12-15 00:00:00', '9987', '1', 'qqqqqqq', 'wwwwwwwwwwwwwwwwwwwwwwwwww', '9', null, '2014-12-09 23:56:31', 'jack', '2014-12-09 23:56:31', null, null);
insert into product_info (product_id, product_no, name, stock, type_id, fresh, hot, promotion, brand_id, real_price, market_price, promotion_price, promotion_begin_time, promotion_end_time, model_no, status, pro_desc, pro_detail, weight, sort, rec_create_time, rec_creater, rec_update_time, rec_updater, img) values ('249e65de804a4d2b99187ef0a9d1f858', '1', 'huohao1', 1, '0c4267ef14e24df68dbb1fcfae828c50', '1', '1', '1', '8e342203615246699006cbbe99748139', null, null, null, '2014-12-01 00:00:00', '2014-12-31 00:00:00', '222', '1', null, null, null, null, '2014-12-07 21:52:02', 'jack', '2014-12-07 21:52:02', null, null);
insert into product_info (product_id, product_no, name, stock, type_id, fresh, hot, promotion, brand_id, real_price, market_price, promotion_price, promotion_begin_time, promotion_end_time, model_no, status, pro_desc, pro_detail, weight, sort, rec_create_time, rec_creater, rec_update_time, rec_updater, img) values ('2ea3b46c5db7463c95cc1ad0872440a5', '88', 'test88', 88, '0c4267ef14e24df68dbb1fcfae828c50', '1', '1', '1', '8e342203615246699006cbbe99748139', 8, 8, 8, '2014-12-18 00:00:00', '2014-12-25 00:00:00', '8678', '1', 'tttttttttttt', 'yyyyyyyyyyyy', '8', null, '2014-12-10 00:39:37', 'jack', '2014-12-10 00:39:37', null, null);
insert into product_info (product_id, product_no, name, stock, type_id, fresh, hot, promotion, brand_id, real_price, market_price, promotion_price, promotion_begin_time, promotion_end_time, model_no, status, pro_desc, pro_detail, weight, sort, rec_create_time, rec_creater, rec_update_time, rec_updater, img) values ('3b6bab2936b94b4184857f7e8f543100', '88', 'test88', 8, '0c4267ef14e24df68dbb1fcfae828c50', '1', '1', '1', '8e342203615246699006cbbe99748139', 880, 888, 800, '2014-12-12 00:00:00', '2014-12-19 00:00:00', '9876', '1', 'eeeeeeeeeeeee', 'rrrrrrrrrrrrrrrr', '8', null, '2014-12-10 00:26:24', 'jack', '2014-12-10 00:26:24', null, null);
insert into product_info (product_id, product_no, name, stock, type_id, fresh, hot, promotion, brand_id, real_price, market_price, promotion_price, promotion_begin_time, promotion_end_time, model_no, status, pro_desc, pro_detail, weight, sort, rec_create_time, rec_creater, rec_update_time, rec_updater, img) values ('3ba91713042b429f817790c5e01aec31', '99', 'test99', 99, '0c4267ef14e24df68dbb1fcfae828c50', '1', '1', '1', '8e342203615246699006cbbe99748139', 99, 199, 99, '2014-12-12 00:00:00', '2014-12-15 00:00:00', '9987', '1', 'qqqqqqq', 'wwwwwwwwwwwwwwwwwwwwwwwwww', '9', null, '2014-12-10 01:38:28', 'jack', '2014-12-10 01:38:28', null, 'D:\TEST\problem.txt');
insert into product_info (product_id, product_no, name, stock, type_id, fresh, hot, promotion, brand_id, real_price, market_price, promotion_price, promotion_begin_time, promotion_end_time, model_no, status, pro_desc, pro_detail, weight, sort, rec_create_time, rec_creater, rec_update_time, rec_updater, img) values ('3d00ca62bd8e4097ba0ff270a5834154', '88', 'test88', 8, '0c4267ef14e24df68dbb1fcfae828c50', '1', '1', '1', '8e342203615246699006cbbe99748139', 880, 888, 800, '2014-12-12 00:00:00', '2014-12-19 00:00:00', '9876', '1', 'eeeeeeeeeeeee', 'rrrrrrrrrrrrrrrr', '8', null, '2014-12-10 00:26:36', 'jack', '2014-12-10 00:26:36', null, null);
insert into product_info (product_id, product_no, name, stock, type_id, fresh, hot, promotion, brand_id, real_price, market_price, promotion_price, promotion_begin_time, promotion_end_time, model_no, status, pro_desc, pro_detail, weight, sort, rec_create_time, rec_creater, rec_update_time, rec_updater, img) values ('540f54e11c974427b05e03373e8b7930', '88', 'test88', 8, '0c4267ef14e24df68dbb1fcfae828c50', '1', '1', '1', '8e342203615246699006cbbe99748139', 880, 888, 800, '2014-12-12 00:00:00', '2014-12-19 00:00:00', '9876', '1', 'eeeeeeeeeeeee', 'rrrrrrrrrrrrrrrr', '8', null, '2014-12-10 00:19:15', 'jack', '2014-12-10 00:19:15', null, null);
insert into product_info (product_id, product_no, name, stock, type_id, fresh, hot, promotion, brand_id, real_price, market_price, promotion_price, promotion_begin_time, promotion_end_time, model_no, status, pro_desc, pro_detail, weight, sort, rec_create_time, rec_creater, rec_update_time, rec_updater, img) values ('5c62b15df23d4eea854afb7fa770e067', '88', 'test88', 8, '0c4267ef14e24df68dbb1fcfae828c50', '1', '1', '1', '8e342203615246699006cbbe99748139', 880, 888, 800, '2014-12-12 00:00:00', '2014-12-19 00:00:00', '9876', '1', 'eeeeeeeeeeeee', 'rrrrrrrrrrrrrrrr', '8', null, '2014-12-10 00:31:07', 'jack', '2014-12-10 00:31:07', null, null);
insert into product_info (product_id, product_no, name, stock, type_id, fresh, hot, promotion, brand_id, real_price, market_price, promotion_price, promotion_begin_time, promotion_end_time, model_no, status, pro_desc, pro_detail, weight, sort, rec_create_time, rec_creater, rec_update_time, rec_updater, img) values ('823a8a4c8dbd425a876af09c3ac5bc34', '0009', '反对方的身份2', 345, 'f04a0103058341b1b238d8775277a442', '1', '', '1', null, 300, 600, 100, null, null, null, null, null, null, null, null, '2014-12-07 18:44:32', 'jack', '2014-12-07 21:03:47', 'jack', null);
insert into product_info (product_id, product_no, name, stock, type_id, fresh, hot, promotion, brand_id, real_price, market_price, promotion_price, promotion_begin_time, promotion_end_time, model_no, status, pro_desc, pro_detail, weight, sort, rec_create_time, rec_creater, rec_update_time, rec_updater, img) values ('8d99c573543c4ee3af394106d55d1051', '88', 'test88', 8, '03d3ffe23179467493dc0ceee25b445b', '1', '1', '1', '8e342203615246699006cbbe99748139', 8, 8, 8, '2014-12-11 00:00:00', '2014-12-25 00:00:00', '8678', '1', '888888888888', '999999999999', '8', null, '2014-12-10 01:28:28', 'jack', '2014-12-10 01:28:29', null, null);
insert into product_info (product_id, product_no, name, stock, type_id, fresh, hot, promotion, brand_id, real_price, market_price, promotion_price, promotion_begin_time, promotion_end_time, model_no, status, pro_desc, pro_detail, weight, sort, rec_create_time, rec_creater, rec_update_time, rec_updater, img) values ('9d9f84dfa9044e88a12c5e9166a1aebd', '7', '7', 7, 'f04a0103058341b1b238d8775277a442', '1', '1', '1', '8e342203615246699006cbbe99748139', 7, 7, 7, '2014-12-24 00:00:00', '2014-12-25 00:00:00', '7', '1', '77777777777777777777777777777777777777777777777777777777777777777777777777777777777777777777777', '8888888888888888888888888888888888888888888888888888888888888888888888888888888888888888888888888888888888888888888888888888888888888888888888888888888888888888888888888888888888888888888888888888888888888888888888888888888888888', '7', null, '2014-12-11 00:04:32', 'jack', '2014-12-11 00:04:32', null, 'D:\TEST\确认按钮押下_01.png');
insert into product_info (product_id, product_no, name, stock, type_id, fresh, hot, promotion, brand_id, real_price, market_price, promotion_price, promotion_begin_time, promotion_end_time, model_no, status, pro_desc, pro_detail, weight, sort, rec_create_time, rec_creater, rec_update_time, rec_updater, img) values ('a0f0f11ad15b4259b358042cd1d92156', '山沟沟', '啊发发', 123456, 'f04a0103058341b1b238d8775277a442', '2', '', '1', null, 500, 1000, 5, null, null, null, null, null, null, null, null, '2014-12-07 19:50:53', 'jack', '2014-12-07 21:05:48', 'jack', null);
insert into product_info (product_id, product_no, name, stock, type_id, fresh, hot, promotion, brand_id, real_price, market_price, promotion_price, promotion_begin_time, promotion_end_time, model_no, status, pro_desc, pro_detail, weight, sort, rec_create_time, rec_creater, rec_update_time, rec_updater, img) values ('b43e88741586491f85ae246a83cfa4b8', '88', 'test88', 99, '0c4267ef14e24df68dbb1fcfae828c50', '1', '1', '1', '8e342203615246699006cbbe99748139', 9, 9, 9, '2014-12-12 00:00:00', '2014-12-24 00:00:00', '98796', '1', 'tttttttt', 'uuuuuuuuuuu', '54', null, '2014-12-10 00:53:14', 'jack', '2014-12-10 00:53:14', null, null);
insert into product_info (product_id, product_no, name, stock, type_id, fresh, hot, promotion, brand_id, real_price, market_price, promotion_price, promotion_begin_time, promotion_end_time, model_no, status, pro_desc, pro_detail, weight, sort, rec_create_time, rec_creater, rec_update_time, rec_updater, img) values ('ba8d77e55c4d43e79a5e91960e140e8f', '99', 'test99', 99, '0c4267ef14e24df68dbb1fcfae828c50', '1', '1', '1', '8e342203615246699006cbbe99748139', 99, 199, 99, '2014-12-12 00:00:00', '2014-12-15 00:00:00', '9987', '1', 'qqqqqqq', 'wwwwwwwwwwwwwwwwwwwwwwwwww', '9', null, '2014-12-10 01:37:56', 'jack', '2014-12-10 01:37:56', null, 'D:\TEST\problem.txt');
insert into product_info (product_id, product_no, name, stock, type_id, fresh, hot, promotion, brand_id, real_price, market_price, promotion_price, promotion_begin_time, promotion_end_time, model_no, status, pro_desc, pro_detail, weight, sort, rec_create_time, rec_creater, rec_update_time, rec_updater, img) values ('c1f9e80d24ca437e9175d2b9898e48e0', 'H00999888', '啊啊啊', null, 'ec0b10e778fa4c3e8adba18a752223ef', '', '', '1', null, 55, 66, 11, null, null, null, null, null, null, null, null, '2014-12-07 19:55:00', 'jack', '2014-12-07 21:08:25', 'jack', null);
insert into product_info (product_id, product_no, name, stock, type_id, fresh, hot, promotion, brand_id, real_price, market_price, promotion_price, promotion_begin_time, promotion_end_time, model_no, status, pro_desc, pro_detail, weight, sort, rec_create_time, rec_creater, rec_update_time, rec_updater, img) values ('d72cd62314bb4ef29bbe14e7f64176c5', '收单', '韩国', 34, '03d3ffe23179467493dc0ceee25b445b', '代发', '', '1', null, null, null, null, null, null, null, null, null, null, null, null, '2014-12-07 20:44:49', 'jack', '2014-12-07 21:08:25', null, null);
insert into product_info (product_id, product_no, name, stock, type_id, fresh, hot, promotion, brand_id, real_price, market_price, promotion_price, promotion_begin_time, promotion_end_time, model_no, status, pro_desc, pro_detail, weight, sort, rec_create_time, rec_creater, rec_update_time, rec_updater, img) values ('da453ce142bb4db4bf32fb69d5721b81', '99', 'test99', 99, '0c4267ef14e24df68dbb1fcfae828c50', '1', '1', '1', '8e342203615246699006cbbe99748139', 99, 199, 99, '2014-12-12 00:00:00', '2014-12-15 00:00:00', '9987', '1', 'qqqqqqq', 'wwwwwwwwwwwwwwwwwwwwwwwwww', '9', null, '2014-12-10 01:36:40', 'jack', '2014-12-10 01:36:40', null, 'D:\TEST\problem.txt');
insert into product_info (product_id, product_no, name, stock, type_id, fresh, hot, promotion, brand_id, real_price, market_price, promotion_price, promotion_begin_time, promotion_end_time, model_no, status, pro_desc, pro_detail, weight, sort, rec_create_time, rec_creater, rec_update_time, rec_updater, img) values ('e672d0e4997049ea8b07a41629036d78', '2', '2', 2, 'f04a0103058341b1b238d8775277a442', '1', '1', '1', '8e342203615246699006cbbe99748139', 2, 2, null, '2014-12-12 00:00:00', '2014-12-25 00:00:00', '2', '1', '<span style="background-color:#E53333;"><strong><em><u>22222222222222222222222222222222222222222222222222222222222222222222222222222222222222222222222222222222222222</u></em></strong></span>', '<span style="font-size:18px;"><span style="background-color:#EE33EE;">333333333333333333333333333333333333333333333333333333333333333333333333333333333333333333333333333333333333333333333333333333333333333333333333333333333</span><span style="background-color:#EE33EE;"></span><span style="background-color:#EE33EE;">3333333333333333333333333333333333333333333</span></span><span style="font-size:18px;background-color:#EE33EE;"></span>', '2', null, '2014-12-11 00:36:53', 'jack', '2014-12-11 00:36:53', null, 'D:\TEST\最大转入金额输入_01.png');
insert into product_info (product_id, product_no, name, stock, type_id, fresh, hot, promotion, brand_id, real_price, market_price, promotion_price, promotion_begin_time, promotion_end_time, model_no, status, pro_desc, pro_detail, weight, sort, rec_create_time, rec_creater, rec_update_time, rec_updater, img) values ('efbbb7afd4674dca9554d9b5ff83c983', '88', 'test88', 8, '0c4267ef14e24df68dbb1fcfae828c50', '1', '1', '1', '8e342203615246699006cbbe99748139', 880, 888, 800, '2014-12-12 00:00:00', '2014-12-19 00:00:00', '9876', '1', 'eeeeeeeeeeeee', 'rrrrrrrrrrrrrrrr', '8', null, '2014-12-10 00:36:27', 'jack', '2014-12-10 00:36:27', null, null);
insert into product_info (product_id, product_no, name, stock, type_id, fresh, hot, promotion, brand_id, real_price, market_price, promotion_price, promotion_begin_time, promotion_end_time, model_no, status, pro_desc, pro_detail, weight, sort, rec_create_time, rec_creater, rec_update_time, rec_updater, img) values ('f56fd50cc1a543d89103df0fea4fffe8', '88', 'test88', 8, '0c4267ef14e24df68dbb1fcfae828c50', '1', '1', '1', '8e342203615246699006cbbe99748139', 880, 888, 800, '2014-12-12 00:00:00', '2014-12-19 00:00:00', '9876', '1', 'eeeeeeeeeeeee', 'rrrrrrrrrrrrrrrr', '8', null, '2014-12-10 00:31:30', 'jack', '2014-12-10 00:31:30', null, null);
DROP TABLE product_type;
CREATE TABLE product_type ( id varchar(50) NOT NULL COMMENT '类别id', parent_id varchar(50) COMMENT '父类别id', name varchar(50) COMMENT '类别名称', level varchar(50) COMMENT '类别层级', leaf varchar(50) COMMENT '是否叶子节点', visible varchar(50) COMMENT '是否显示', rec_desc varchar(50) COMMENT '分类描述', sort varchar(50) COMMENT '排序', rec_create_time timestamp DEFAULT '0000-00-00 00:00:00' NULL COMMENT '创建时间', rec_creater varchar(50) COMMENT '创建人', rec_update_time timestamp DEFAULT CURRENT_TIMESTAMP NULL COMMENT '修改时间', rec_updater varchar(50) COMMENT '修改人', PRIMARY KEY (id) ) ENGINE=InnoDB DEFAULT CHARSET=utf8 COMMENT='商品类型表';
insert into product_type (id, parent_id, name, level, leaf, visible, rec_desc, sort, rec_create_time, rec_creater, rec_update_time, rec_updater) values ('03d3ffe23179467493dc0ceee25b445b', '0', '但V', null, null, null, '都会更好', null, '2014-12-07 20:43:02', 'jack', '2014-12-07 20:44:27', null);
insert into product_type (id, parent_id, name, level, leaf, visible, rec_desc, sort, rec_create_time, rec_creater, rec_update_time, rec_updater) values ('0c4267ef14e24df68dbb1fcfae828c50', '0', 'feilei1', null, null, null, '111', null, '2014-12-07 21:50:32', 'jack', '2014-12-07 21:50:32', null);
insert into product_type (id, parent_id, name, level, leaf, visible, rec_desc, sort, rec_create_time, rec_creater, rec_update_time, rec_updater) values ('f04a0103058341b1b238d8775277a442', '0', '01', null, null, null, '测试类型', null, '2014-12-07 18:28:21', 'jack', '2014-12-07 18:29:45', null);
DROP TABLE refund_order_info;
CREATE TABLE refund_order_info ( refund_order_no varchar(50) NOT NULL COMMENT '退货单流水号', order_no varchar(50) COMMENT '订单号', order_time timestamp NULL COMMENT '下单时间', receiver varchar(50) COMMENT '收货人', dispatch_time timestamp NULL COMMENT '发货时间', dipatch_status varchar(50) COMMENT '发货单状态', refund_status varchar(50) COMMENT '退货单状态', refund_time timestamp NULL COMMENT '退货时间', admin_id varchar(50) COMMENT '管理员', dispath_type varchar(50) COMMENT '配送方式', track_no varchar(50) COMMENT '物流单号', rec_create_time timestamp DEFAULT '0000-00-00 00:00:00' NULL COMMENT '创建时间', rec_creater varchar(50) COMMENT '创建人', rec_update_time timestamp DEFAULT CURRENT_TIMESTAMP NULL COMMENT '修改时间', rec_updater varchar(50) COMMENT '修改人', PRIMARY KEY (refund_order_no) ) ENGINE=InnoDB DEFAULT CHARSET=utf8 COMMENT='退货单';
DROP TABLE tree_node;
CREATE TABLE tree_node ( ID varchar(30) NOT NULL COMMENT '要显示的子节点的ID', TEXT varchar(50) NOT NULL COMMENT '要显示的子节点的Text', PARENT_ID varchar(30) COMMENT '父节点的ID', ICON_CLS varchar(30) COMMENT '节点的图标', URL varchar(100) COMMENT '链接的url', attr1 varchar(100) COMMENT '属性字段1', attr2 varchar(100) COMMENT '属性字段2', attr3 varchar(100) COMMENT '属性字段3', PRIMARY KEY (ID) ) ENGINE=InnoDB DEFAULT CHARSET=utf8;
insert into tree_node (ID, TEXT, PARENT_ID, ICON_CLS, URL, attr1, attr2, attr3) values ('1', '商品管理', '0', null, '', null, null, null);
insert into tree_node (ID, TEXT, PARENT_ID, ICON_CLS, URL, attr1, attr2, attr3) values ('11', '商品列表', '1', null, 'productInfo/index.html', null, null, null);
insert into tree_node (ID, TEXT, PARENT_ID, ICON_CLS, URL, attr1, attr2, attr3) values ('13', '商品分类', '1', null, 'productType/index.html', null, null, null);
insert into tree_node (ID, TEXT, PARENT_ID, ICON_CLS, URL, attr1, attr2, attr3) values ('14', '商品品牌', '1', null, 'productBrand/index.html', null, null, null);
insert into tree_node (ID, TEXT, PARENT_ID, ICON_CLS, URL, attr1, attr2, attr3) values ('15', '商品自动上下架', '1', null, '', null, null, null);
insert into tree_node (ID, TEXT, PARENT_ID, ICON_CLS, URL, attr1, attr2, attr3) values ('16', '商品回收站', '1', null, 'productInfo/index.html', null, null, null);
insert into tree_node (ID, TEXT, PARENT_ID, ICON_CLS, URL, attr1, attr2, attr3) values ('2', '订单管理', '0', null, '', null, null, null);
insert into tree_node (ID, TEXT, PARENT_ID, ICON_CLS, URL, attr1, attr2, attr3) values ('22', '订单列表', '2', null, 'orderInfo/index.html', null, null, null);
insert into tree_node (ID, TEXT, PARENT_ID, ICON_CLS, URL, attr1, attr2, attr3) values ('24', '发货单列表', '2', null, 'dispatchOrderInfo/index.html', null, null, null);
insert into tree_node (ID, TEXT, PARENT_ID, ICON_CLS, URL, attr1, attr2, attr3) values ('25', '退货单列表', '2', null, 'refundOrderInfo/index.html', null, null, null);
insert into tree_node (ID, TEXT, PARENT_ID, ICON_CLS, URL, attr1, attr2, attr3) values ('3', '会员管理', '0', null, '', null, null, null);
insert into tree_node (ID, TEXT, PARENT_ID, ICON_CLS, URL, attr1, attr2, attr3) values ('31', '会员列表', '3', null, 'memberInfo/index.html', null, null, null);
insert into tree_node (ID, TEXT, PARENT_ID, ICON_CLS, URL, attr1, attr2, attr3) values ('32', '积分管理', '3', null, 'memberIntegralDetail/index.html', null, null, null);
insert into tree_node (ID, TEXT, PARENT_ID, ICON_CLS, URL, attr1, attr2, attr3) values ('4', '文章管理', '0', null, '', null, null, null);
insert into tree_node (ID, TEXT, PARENT_ID, ICON_CLS, URL, attr1, attr2, attr3) values ('41', '文章列表', '4', null, 'articleInfo/index.html', null, null, null);
insert into tree_node (ID, TEXT, PARENT_ID, ICON_CLS, URL, attr1, attr2, attr3) values ('42', '文章分类', '4', null, 'articleType/index.html', null, null, null);
insert into tree_node (ID, TEXT, PARENT_ID, ICON_CLS, URL, attr1, attr2, attr3) values ('5', '权限管理', '0', null, '', null, null, null);
insert into tree_node (ID, TEXT, PARENT_ID, ICON_CLS, URL, attr1, attr2, attr3) values ('51', '管理员列表', '5', null, 'adminRole/index.html', null, null, null);
insert into tree_node (ID, TEXT, PARENT_ID, ICON_CLS, URL, attr1, attr2, attr3) values ('52', '角色管理', '5', null, 'adminRolePower/index.html', null, null, null);
insert into tree_node (ID, TEXT, PARENT_ID, ICON_CLS, URL, attr1, attr2, attr3) values ('6', '系统设置', '0', null, '', null, null, null);
insert into tree_node (ID, TEXT, PARENT_ID, ICON_CLS, URL, attr1, attr2, attr3) values ('61', '商店设置', '6', null, '', null, null, null);
insert into tree_node (ID, TEXT, PARENT_ID, ICON_CLS, URL, attr1, attr2, attr3) values ('62', '配送方式', '6', null, '', null, null, null);
